<?xml version="1.0" encoding="UTF-8"?>
<config xmlns="http://www.knime.org/2008/09/XMLConfig" xmlns:xsi="http://www.w3.org/2001/XMLSchema-instance" xsi:schemaLocation="http://www.knime.org/2008/09/XMLConfig http://www.knime.org/XMLConfig_2008_09.xsd" key="MiningSchema">
    <config key="learning">
        <entry key="array-size" type="xint" value="40"/>
        <entry key="0" type="xstring" value="Age"/>
        <entry key="1" type="xstring" value="DistanceFromHome"/>
        <entry key="2" type="xstring" value="Education"/>
        <entry key="3" type="xstring" value="EnvironmentSatisfaction"/>
        <entry key="4" type="xstring" value="JobInvolvement"/>
        <entry key="5" type="xstring" value="JobLevel"/>
        <entry key="6" type="xstring" value="JobSatisfaction"/>
        <entry key="7" type="xstring" value="MonthlyIncome"/>
        <entry key="8" type="xstring" value="MonthlyRate"/>
        <entry key="9" type="xstring" value="PercentSalaryHike"/>
        <entry key="10" type="xstring" value="PerformanceRating"/>
        <entry key="11" type="xstring" value="RelationshipSatisfaction"/>
        <entry key="12" type="xstring" value="StockOptionLevel"/>
        <entry key="13" type="xstring" value="TotalWorkingYears"/>
        <entry key="14" type="xstring" value="TrainingTimesLastYear"/>
        <entry key="15" type="xstring" value="WorkLifeBalance"/>
        <entry key="16" type="xstring" value="Travel_Frequently_BusinessTravel"/>
        <entry key="17" type="xstring" value="Non-Travel_BusinessTravel"/>
        <entry key="18" type="xstring" value="Research &amp; Development_Department"/>
        <entry key="19" type="xstring" value="Human Resources_Department"/>
        <entry key="20" type="xstring" value="Other_EducationField"/>
        <entry key="21" type="xstring" value="Medical_EducationField"/>
        <entry key="22" type="xstring" value="Marketing_EducationField"/>
        <entry key="23" type="xstring" value="Technical Degree_EducationField"/>
        <entry key="24" type="xstring" value="Human Resources_EducationField"/>
        <entry key="25" type="xstring" value="Male_Gender"/>
        <entry key="26" type="xstring" value="Married_MaritalStatus"/>
        <entry key="27" type="xstring" value="Divorced_MaritalStatus"/>
        <entry key="28" type="xstring" value="Bin2_NumCompaniesWorked"/>
        <entry key="29" type="xstring" value="Bin3_NumCompaniesWorked"/>
        <entry key="30" type="xstring" value="Yes_OverTime"/>
        <entry key="31" type="xstring" value="Bin2_YearsAtCompany"/>
        <entry key="32" type="xstring" value="Bin3_YearsAtCompany"/>
        <entry key="33" type="xstring" value="Bin1_YearsInCurrentRole"/>
        <entry key="34" type="xstring" value="Bin2_YearsInCurrentRole"/>
        <entry key="35" type="xstring" value="Bin3_YearsInCurrentRole"/>
        <entry key="36" type="xstring" value="Bin2_YearsSinceLastPromotion"/>
        <entry key="37" type="xstring" value="Bin3_YearsSinceLastPromotion"/>
        <entry key="38" type="xstring" value="Bin2_YearsWithCurrManager"/>
        <entry key="39" type="xstring" value="Bin3_YearsWithCurrManager"/>
    </config>
    <config key="target">
        <entry key="array-size" type="xint" value="1"/>
        <entry key="0" type="xstring" value="Attrition"/>
    </config>
</config>
