<?xml version="1.0" encoding="UTF-8"?>
<config xmlns="http://www.knime.org/2008/09/XMLConfig" xmlns:xsi="http://www.w3.org/2001/XMLSchema-instance" xsi:schemaLocation="http://www.knime.org/2008/09/XMLConfig http://www.knime.org/XMLConfig_2008_09.xsd" key="preprocessing">
    <config key="preprocColumns">
        <entry key="array-size" type="xint" value="16"/>
        <entry key="0" type="xstring" value="Age"/>
        <entry key="1" type="xstring" value="DistanceFromHome"/>
        <entry key="2" type="xstring" value="Education"/>
        <entry key="3" type="xstring" value="EnvironmentSatisfaction"/>
        <entry key="4" type="xstring" value="JobInvolvement"/>
        <entry key="5" type="xstring" value="JobLevel"/>
        <entry key="6" type="xstring" value="JobSatisfaction"/>
        <entry key="7" type="xstring" value="MonthlyIncome"/>
        <entry key="8" type="xstring" value="MonthlyRate"/>
        <entry key="9" type="xstring" value="PercentSalaryHike"/>
        <entry key="10" type="xstring" value="PerformanceRating"/>
        <entry key="11" type="xstring" value="RelationshipSatisfaction"/>
        <entry key="12" type="xstring" value="StockOptionLevel"/>
        <entry key="13" type="xstring" value="TotalWorkingYears"/>
        <entry key="14" type="xstring" value="TrainingTimesLastYear"/>
        <entry key="15" type="xstring" value="WorkLifeBalance"/>
    </config>
</config>
